{"cameraMode":{"drawMode":0,"name":"Shaded","section":"Shading Mode"},"sceneLighting":true,"audioPlay":false,"sceneViewState":{"showFog":true,"showMaterialUpdate":false,"showSkybox":true,"showFlares":true,"showImageEffects":true,"showParticleSystems":true},"in2DMode":false,"pivot":{"x":3.1626014709472658,"y":-19.170000076293947,"z":55.543663024902347},"rotation":{"x":0.1675127148628235,"y":0.005909457337111235,"z":-0.0010044308146461845,"w":0.9858517050743103},"size":6.399745941162109,"orthographic":false}