{"cameraMode":{"drawMode":0,"name":"Shaded","section":"Shading Mode"},"sceneLighting":true,"audioPlay":false,"sceneViewState":{"showFog":true,"showMaterialUpdate":false,"showSkybox":true,"showFlares":true,"showImageEffects":true,"showParticleSystems":true},"in2DMode":false,"pivot":{"x":21.430034637451173,"y":-36.031158447265628,"z":180.05665588378907},"rotation":{"x":0.09913267940282822,"y":0.016412295401096345,"z":-0.0016355288680642844,"w":0.9949375987052918},"size":278.0597229003906,"orthographic":false}