{"cameraMode":{"drawMode":0,"name":"Shaded","section":"Shading Mode"},"sceneLighting":true,"audioPlay":false,"sceneViewState":{"showFog":true,"showMaterialUpdate":false,"showSkybox":true,"showFlares":true,"showImageEffects":true,"showParticleSystems":true},"in2DMode":false,"pivot":{"x":-25.374534606933595,"y":-33.366294860839847,"z":188.37840270996095},"rotation":{"x":0.05691562220454216,"y":-0.11208480596542359,"z":0.0064302911050617699,"w":0.9920465350151062},"size":146.47254943847657,"orthographic":false}